Prompt,ID
A full shot of an older person walking to the bathroom,o_p1_f1
A full shot of an older person walking to the bathroom,o_p1_f2
A full shot of an older person walking to the bathroom,o_p1_f3
A full shot of an older person walking to the bathroom,o_p1_f4
A full shot of an older person moving between rooms,o_p2_f1
A full shot of an older person moving between rooms,o_p2_f2
A full shot of an older person moving between rooms,o_p2_f3
A full shot of an older person moving between rooms,o_p2_f4
A full shot of an older person climbing stairs,o_p3_f1
A full shot of an older person climbing stairs,o_p3_f2
A full shot of an older person climbing stairs,o_p3_f3
A full shot of an older person climbing stairs,o_p3_f4
A full shot of an older person cooking meals,o_p4_f1
A full shot of an older person cooking meals,o_p4_f2
A full shot of an older person cooking meals,o_p4_f3
A full shot of an older person cooking meals,o_p4_f4
A full shot of an older person eating at the dining table,o_p5_f1
A full shot of an older person eating at the dining table,o_p5_f2
A full shot of an older person eating at the dining table,o_p5_f3
A full shot of an older person eating at the dining table,o_p5_f4
A full shot of an older person setting the table,o_p6_f1
A full shot of an older person setting the table,o_p6_f2
A full shot of an older person setting the table,o_p6_f3
A full shot of an older person setting the table,o_p6_f4
A full shot of an older person selecting clothes,o_p7_f1
A full shot of an older person selecting clothes,o_p7_f2
A full shot of an older person selecting clothes,o_p7_f3
A full shot of an older person selecting clothes,o_p7_f4
A full shot of an older person putting on clothes,o_p8_f1
A full shot of an older person putting on clothes,o_p8_f2
A full shot of an older person putting on clothes,o_p8_f3
A full shot of an older person putting on clothes,o_p8_f4
A full shot of an older person changing clothes,o_p9_f1
A full shot of an older person changing clothes,o_p9_f2
A full shot of an older person changing clothes,o_p9_f3
A full shot of an older person changing clothes,o_p9_f4
A full shot of an older person showering or bathing,o_p10_f1
A full shot of an older person showering or bathing,o_p10_f2
A full shot of an older person showering or bathing,o_p10_f3
A full shot of an older person showering or bathing,o_p10_f4
A full shot of an older person brushing teeth,o_p11_f1
A full shot of an older person brushing teeth,o_p11_f2
A full shot of an older person brushing teeth,o_p11_f3
A full shot of an older person brushing teeth,o_p11_f4
A full shot of an older person grooming,o_p12_f1
A full shot of an older person grooming,o_p12_f2
A full shot of an older person grooming,o_p12_f3
A full shot of an older person grooming,o_p12_f4
A full shot of an older person using the toilet,o_p13_f1
A full shot of an older person using the toilet,o_p13_f2
A full shot of an older person using the toilet,o_p13_f3
A full shot of an older person using the toilet,o_p13_f4
A full shot of an older person changing incontinence products,o_p14_f1
A full shot of an older person changing incontinence products,o_p14_f2
A full shot of an older person changing incontinence products,o_p14_f3
A full shot of an older person changing incontinence products,o_p14_f4
A full shot of an older person cleaning up spills,o_p15_f1
A full shot of an older person cleaning up spills,o_p15_f2
A full shot of an older person cleaning up spills,o_p15_f3
A full shot of an older person cleaning up spills,o_p15_f4
A full shot of an older person walking to a nearby store,o_p16_f1
A full shot of an older person walking to a nearby store,o_p16_f2
A full shot of an older person walking to a nearby store,o_p16_f3
A full shot of an older person walking to a nearby store,o_p16_f4
A full shot of an older person strolling in the neighborhood,o_p17_f1
A full shot of an older person strolling in the neighborhood,o_p17_f2
A full shot of an older person strolling in the neighborhood,o_p17_f3
A full shot of an older person strolling in the neighborhood,o_p17_f4
A full shot of an older person walking to public transport,o_p18_f1
A full shot of an older person walking to public transport,o_p18_f2
A full shot of an older person walking to public transport,o_p18_f3
A full shot of an older person walking to public transport,o_p18_f4
A full shot of an older person dining at restaurants,o_p19_f1
A full shot of an older person dining at restaurants,o_p19_f2
A full shot of an older person dining at restaurants,o_p19_f3
A full shot of an older person dining at restaurants,o_p19_f4
A full shot of an older person grocery shopping,o_p20_f1
A full shot of an older person grocery shopping,o_p20_f2
A full shot of an older person grocery shopping,o_p20_f3
A full shot of an older person grocery shopping,o_p20_f4
A full shot of an older person picnicking,o_p21_f1
A full shot of an older person picnicking,o_p21_f2
A full shot of an older person picnicking,o_p21_f3
A full shot of an older person picnicking,o_p21_f4
A full shot of an older person shopping for clothes,o_p22_f1
A full shot of an older person shopping for clothes,o_p22_f2
A full shot of an older person shopping for clothes,o_p22_f3
A full shot of an older person shopping for clothes,o_p22_f4
A full shot of an older person attending fittings,o_p23_f1
A full shot of an older person attending fittings,o_p23_f2
A full shot of an older person attending fittings,o_p23_f3
A full shot of an older person attending fittings,o_p23_f4
A full shot of an older person picking up laundry,o_p24_f1
A full shot of an older person picking up laundry,o_p24_f2
A full shot of an older person picking up laundry,o_p24_f3
A full shot of an older person picking up laundry,o_p24_f4
A full shot of an older person visiting a salon or barber,o_p25_f1
A full shot of an older person visiting a salon or barber,o_p25_f2
A full shot of an older person visiting a salon or barber,o_p25_f3
A full shot of an older person visiting a salon or barber,o_p25_f4
A full shot of an older person using public restrooms (outdoors),o_p26_f1
A full shot of an older person using public restrooms (outdoors),o_p26_f2
A full shot of an older person using public restrooms (outdoors),o_p26_f3
A full shot of an older person using public restrooms (outdoors),o_p26_f4
A full shot of an older person buying personal care products,o_p27_f1
A full shot of an older person buying personal care products,o_p27_f2
A full shot of an older person buying personal care products,o_p27_f3
A full shot of an older person buying personal care products,o_p27_f4
A full shot of an older person using public restrooms (indoors),o_p28_f1
A full shot of an older person using public restrooms (indoors),o_p28_f2
A full shot of an older person using public restrooms (indoors),o_p28_f3
A full shot of an older person using public restrooms (indoors),o_p28_f4
A full shot of an older person purchasing incontinence products,o_p29_f1
A full shot of an older person purchasing incontinence products,o_p29_f2
A full shot of an older person purchasing incontinence products,o_p29_f3
A full shot of an older person purchasing incontinence products,o_p29_f4
A full shot of an older person attending medical appointments,o_p30_f1
A full shot of an older person attending medical appointments,o_p30_f2
A full shot of an older person attending medical appointments,o_p30_f3
A full shot of an older person attending medical appointments,o_p30_f4
A full shot of an older person finding and using public restrooms,o_p31_f1
A full shot of an older person finding and using public restrooms,o_p31_f2
A full shot of an older person finding and using public restrooms,o_p31_f3
A full shot of an older person finding and using public restrooms,o_p31_f4
A full shot of an older person traveling with portable toilets,o_p32_f1
A full shot of an older person traveling with portable toilets,o_p32_f2
A full shot of an older person traveling with portable toilets,o_p32_f3
A full shot of an older person traveling with portable toilets,o_p32_f4
A full shot of an older person accessing restroom facilities in public places,o_p33_f1
A full shot of an older person accessing restroom facilities in public places,o_p33_f2
A full shot of an older person accessing restroom facilities in public places,o_p33_f3
A full shot of an older person accessing restroom facilities in public places,o_p33_f4
A full shot of an older person using public transport,o_p34_f1
A full shot of an older person using public transport,o_p34_f2
A full shot of an older person using public transport,o_p34_f3
A full shot of an older person using public transport,o_p34_f4
A full shot of an older person driving,o_p35_f1
A full shot of an older person driving,o_p35_f2
A full shot of an older person driving,o_p35_f3
A full shot of an older person driving,o_p35_f4
A full shot of an older person walking to stores,o_p36_f1
A full shot of an older person walking to stores,o_p36_f2
A full shot of an older person walking to stores,o_p36_f3
A full shot of an older person walking to stores,o_p36_f4
A full shot of an older person visiting banks,o_p37_f1
A full shot of an older person visiting banks,o_p37_f2
A full shot of an older person visiting banks,o_p37_f3
A full shot of an older person visiting banks,o_p37_f4
A full shot of an older person using atms,o_p38_f1
A full shot of an older person using atms,o_p38_f2
A full shot of an older person using atms,o_p38_f3
A full shot of an older person using atms,o_p38_f4
A full shot of an older person consulting financial advisors,o_p39_f1
A full shot of an older person consulting financial advisors,o_p39_f2
A full shot of an older person consulting financial advisors,o_p39_f3
A full shot of an older person consulting financial advisors,o_p39_f4
A full shot of an older person grocery shopping,o_p40_f1
A full shot of an older person grocery shopping,o_p40_f2
A full shot of an older person grocery shopping,o_p40_f3
A full shot of an older person grocery shopping,o_p40_f4
A full shot of an older person visiting farmers’ markets,o_p41_f1
A full shot of an older person visiting farmers’ markets,o_p41_f2
A full shot of an older person visiting farmers’ markets,o_p41_f3
A full shot of an older person visiting farmers’ markets,o_p41_f4
A full shot of an older person eating out,o_p42_f1
A full shot of an older person eating out,o_p42_f2
A full shot of an older person eating out,o_p42_f3
A full shot of an older person eating out,o_p42_f4
A full shot of an older person gardening (outdoors),o_p43_f1
A full shot of an older person gardening (outdoors),o_p43_f2
A full shot of an older person gardening (outdoors),o_p43_f3
A full shot of an older person gardening (outdoors),o_p43_f4
A full shot of an older person home repairs,o_p44_f1
A full shot of an older person home repairs,o_p44_f2
A full shot of an older person home repairs,o_p44_f3
A full shot of an older person home repairs,o_p44_f4
A full shot of an older person taking out trash,o_p45_f1
A full shot of an older person taking out trash,o_p45_f2
A full shot of an older person taking out trash,o_p45_f3
A full shot of an older person taking out trash,o_p45_f4
A full shot of an older person visiting post offices,o_p46_f1
A full shot of an older person visiting post offices,o_p46_f2
A full shot of an older person visiting post offices,o_p46_f3
A full shot of an older person visiting post offices,o_p46_f4
A full shot of an older person meeting in person,o_p47_f1
A full shot of an older person meeting in person,o_p47_f2
A full shot of an older person meeting in person,o_p47_f3
A full shot of an older person meeting in person,o_p47_f4
A full shot of an older person attending social events,o_p48_f1
A full shot of an older person attending social events,o_p48_f2
A full shot of an older person attending social events,o_p48_f3
A full shot of an older person attending social events,o_p48_f4
A full shot of an older person visiting pharmacies,o_p49_f1
A full shot of an older person visiting pharmacies,o_p49_f2
A full shot of an older person visiting pharmacies,o_p49_f3
A full shot of an older person visiting pharmacies,o_p49_f4
A full shot of an older person consulting doctors,o_p50_f1
A full shot of an older person consulting doctors,o_p50_f2
A full shot of an older person consulting doctors,o_p50_f3
A full shot of an older person consulting doctors,o_p50_f4
A full shot of an older person attending health clinics,o_p51_f1
A full shot of an older person attending health clinics,o_p51_f2
A full shot of an older person attending health clinics,o_p51_f3
A full shot of an older person attending health clinics,o_p51_f4
A full shot of an older person phone calls with friends,o_p52_f1
A full shot of an older person phone calls with friends,o_p52_f2
A full shot of an older person phone calls with friends,o_p52_f3
A full shot of an older person phone calls with friends,o_p52_f4
A full shot of an older person phone calls with neighbors,o_p53_f1
A full shot of an older person phone calls with neighbors,o_p53_f2
A full shot of an older person phone calls with neighbors,o_p53_f3
A full shot of an older person phone calls with neighbors,o_p53_f4
A full shot of an older person phone calls with relatives,o_p54_f1
A full shot of an older person phone calls with relatives,o_p54_f2
A full shot of an older person phone calls with relatives,o_p54_f3
A full shot of an older person phone calls with relatives,o_p54_f4
A full shot of an older person home visits,o_p55_f1
A full shot of an older person home visits,o_p55_f2
A full shot of an older person home visits,o_p55_f3
A full shot of an older person home visits,o_p55_f4
A full shot of an older person hosting game nights,o_p56_f1
A full shot of an older person hosting game nights,o_p56_f2
A full shot of an older person hosting game nights,o_p56_f3
A full shot of an older person hosting game nights,o_p56_f4
A full shot of an older person movie nights,o_p57_f1
A full shot of an older person movie nights,o_p57_f2
A full shot of an older person movie nights,o_p57_f3
A full shot of an older person movie nights,o_p57_f4
A full shot of an older person club meetings,o_p58_f1
A full shot of an older person club meetings,o_p58_f2
A full shot of an older person club meetings,o_p58_f3
A full shot of an older person club meetings,o_p58_f4
A full shot of an older person online webinars,o_p59_f1
A full shot of an older person online webinars,o_p59_f2
A full shot of an older person online webinars,o_p59_f3
A full shot of an older person online webinars,o_p59_f4
A full shot of an older person study groups,o_p60_f1
A full shot of an older person study groups,o_p60_f2
A full shot of an older person study groups,o_p60_f3
A full shot of an older person study groups,o_p60_f4
A full shot of an older person home prayer groups,o_p61_f1
A full shot of an older person home prayer groups,o_p61_f2
A full shot of an older person home prayer groups,o_p61_f3
A full shot of an older person home prayer groups,o_p61_f4
A full shot of an older person online religious services,o_p62_f1
A full shot of an older person online religious services,o_p62_f2
A full shot of an older person online religious services,o_p62_f3
A full shot of an older person online religious services,o_p62_f4
A full shot of an older person reading religious texts at home,o_p63_f1
A full shot of an older person reading religious texts at home,o_p63_f2
A full shot of an older person reading religious texts at home,o_p63_f3
A full shot of an older person reading religious texts at home,o_p63_f4
A full shot of an older person indoor gardening,o_p64_f1
A full shot of an older person indoor gardening,o_p64_f2
A full shot of an older person indoor gardening,o_p64_f3
A full shot of an older person indoor gardening,o_p64_f4
A full shot of an older person indoor home repairs,o_p65_f1
A full shot of an older person indoor home repairs,o_p65_f2
A full shot of an older person indoor home repairs,o_p65_f3
A full shot of an older person indoor home repairs,o_p65_f4
A full shot of an older person houseplant care,o_p66_f1
A full shot of an older person houseplant care,o_p66_f2
A full shot of an older person houseplant care,o_p66_f3
A full shot of an older person houseplant care,o_p66_f4
A full shot of an older person home exercise routines,o_p67_f1
A full shot of an older person home exercise routines,o_p67_f2
A full shot of an older person home exercise routines,o_p67_f3
A full shot of an older person home exercise routines,o_p67_f4
A full shot of an older person yoga or pilates,o_p68_f1
A full shot of an older person yoga or pilates,o_p68_f2
A full shot of an older person yoga or pilates,o_p68_f3
A full shot of an older person yoga or pilates,o_p68_f4
A full shot of an older person using home exercise equipment,o_p69_f1
A full shot of an older person using home exercise equipment,o_p69_f2
A full shot of an older person using home exercise equipment,o_p69_f3
A full shot of an older person using home exercise equipment,o_p69_f4
A full shot of an older person walking indoors,o_p70_f1
A full shot of an older person walking indoors,o_p70_f2
A full shot of an older person walking indoors,o_p70_f3
A full shot of an older person walking indoors,o_p70_f4
A full shot of an older person walking on a treadmill,o_p71_f1
A full shot of an older person walking on a treadmill,o_p71_f2
A full shot of an older person walking on a treadmill,o_p71_f3
A full shot of an older person walking on a treadmill,o_p71_f4
A full shot of an older person walking in malls,o_p72_f1
A full shot of an older person walking in malls,o_p72_f2
A full shot of an older person walking in malls,o_p72_f3
A full shot of an older person walking in malls,o_p72_f4
A full shot of an older person meditation,o_p73_f1
A full shot of an older person meditation,o_p73_f2
A full shot of an older person meditation,o_p73_f3
A full shot of an older person meditation,o_p73_f4
A full shot of an older person reading self-help books,o_p74_f1
A full shot of an older person reading self-help books,o_p74_f2
A full shot of an older person reading self-help books,o_p74_f3
A full shot of an older person reading self-help books,o_p74_f4
A full shot of an older person journaling,o_p75_f1
A full shot of an older person journaling,o_p75_f2
A full shot of an older person journaling,o_p75_f3
A full shot of an older person journaling,o_p75_f4
A full shot of an older person physical therapy exercises,o_p76_f1
A full shot of an older person physical therapy exercises,o_p76_f2
A full shot of an older person physical therapy exercises,o_p76_f3
A full shot of an older person physical therapy exercises,o_p76_f4
A full shot of an older person cognitive puzzles and games,o_p77_f1
A full shot of an older person cognitive puzzles and games,o_p77_f2
A full shot of an older person cognitive puzzles and games,o_p77_f3
A full shot of an older person cognitive puzzles and games,o_p77_f4
A full shot of an older person home rehabilitation workouts,o_p78_f1
A full shot of an older person home rehabilitation workouts,o_p78_f2
A full shot of an older person home rehabilitation workouts,o_p78_f3
A full shot of an older person home rehabilitation workouts,o_p78_f4
A full shot of an older person online learning courses,o_p79_f1
A full shot of an older person online learning courses,o_p79_f2
A full shot of an older person online learning courses,o_p79_f3
A full shot of an older person online learning courses,o_p79_f4
A full shot of an older person home business management,o_p80_f1
A full shot of an older person home business management,o_p80_f2
A full shot of an older person home business management,o_p80_f3
A full shot of an older person home business management,o_p80_f4
A full shot of an older person budget planning,o_p81_f1
A full shot of an older person budget planning,o_p81_f2
A full shot of an older person budget planning,o_p81_f3
A full shot of an older person budget planning,o_p81_f4
A full shot of an older person medication management,o_p82_f1
A full shot of an older person medication management,o_p82_f2
A full shot of an older person medication management,o_p82_f3
A full shot of an older person medication management,o_p82_f4
A full shot of an older person home monitoring,o_p83_f1
A full shot of an older person home monitoring,o_p83_f2
A full shot of an older person home monitoring,o_p83_f3
A full shot of an older person home monitoring,o_p83_f4
A full shot of an older person diet and nutrition planning,o_p84_f1
A full shot of an older person diet and nutrition planning,o_p84_f2
A full shot of an older person diet and nutrition planning,o_p84_f3
A full shot of an older person diet and nutrition planning,o_p84_f4
A full shot of an older person using a mobile phone in a park,o_p85_f1
A full shot of an older person using a mobile phone in a park,o_p85_f2
A full shot of an older person using a mobile phone in a park,o_p85_f3
A full shot of an older person using a mobile phone in a park,o_p85_f4
A full shot of an older person calling from a cafe,o_p86_f1
A full shot of an older person calling from a cafe,o_p86_f2
A full shot of an older person calling from a cafe,o_p86_f3
A full shot of an older person calling from a cafe,o_p86_f4
A full shot of an older person calling during outdoor events,o_p87_f1
A full shot of an older person calling during outdoor events,o_p87_f2
A full shot of an older person calling during outdoor events,o_p87_f3
A full shot of an older person calling during outdoor events,o_p87_f4
A full shot of an older person meeting at parks,o_p88_f1
A full shot of an older person meeting at parks,o_p88_f2
A full shot of an older person meeting at parks,o_p88_f3
A full shot of an older person meeting at parks,o_p88_f4
A full shot of an older person going out for coffee,o_p89_f1
A full shot of an older person going out for coffee,o_p89_f2
A full shot of an older person going out for coffee,o_p89_f3
A full shot of an older person going out for coffee,o_p89_f4
A full shot of an older person dining out,o_p90_f1
A full shot of an older person dining out,o_p90_f2
A full shot of an older person dining out,o_p90_f3
A full shot of an older person dining out,o_p90_f4
A full shot of an older person participating in community events,o_p91_f1
A full shot of an older person participating in community events,o_p91_f2
A full shot of an older person participating in community events,o_p91_f3
A full shot of an older person participating in community events,o_p91_f4
A full shot of an older person attending outdoor workshops,o_p92_f1
A full shot of an older person attending outdoor workshops,o_p92_f2
A full shot of an older person attending outdoor workshops,o_p92_f3
A full shot of an older person attending outdoor workshops,o_p92_f4
A full shot of an older person joining local sports leagues,o_p93_f1
A full shot of an older person joining local sports leagues,o_p93_f2
A full shot of an older person joining local sports leagues,o_p93_f3
A full shot of an older person joining local sports leagues,o_p93_f4
A full shot of an older person attending church services,o_p94_f1
A full shot of an older person attending church services,o_p94_f2
A full shot of an older person attending church services,o_p94_f3
A full shot of an older person attending church services,o_p94_f4
A full shot of an older person attending outdoor religious events,o_p95_f1
A full shot of an older person attending outdoor religious events,o_p95_f2
A full shot of an older person attending outdoor religious events,o_p95_f3
A full shot of an older person attending outdoor religious events,o_p95_f4
A full shot of an older person religious pilgrimages,o_p96_f1
A full shot of an older person religious pilgrimages,o_p96_f2
A full shot of an older person religious pilgrimages,o_p96_f3
A full shot of an older person religious pilgrimages,o_p96_f4
A full shot of an older person gardening in the yard,o_p97_f1
A full shot of an older person gardening in the yard,o_p97_f2
A full shot of an older person gardening in the yard,o_p97_f3
A full shot of an older person gardening in the yard,o_p97_f4
A full shot of an older person landscaping,o_p98_f1
A full shot of an older person landscaping,o_p98_f2
A full shot of an older person landscaping,o_p98_f3
A full shot of an older person landscaping,o_p98_f4
A full shot of an older person community garden participation,o_p99_f1
A full shot of an older person community garden participation,o_p99_f2
A full shot of an older person community garden participation,o_p99_f3
A full shot of an older person community garden participation,o_p99_f4
A full shot of an older person jogging or running,o_p100_f1
A full shot of an older person jogging or running,o_p100_f2
A full shot of an older person jogging or running,o_p100_f3
A full shot of an older person jogging or running,o_p100_f4
A full shot of an older person playing sports,o_p101_f1
A full shot of an older person playing sports,o_p101_f2
A full shot of an older person playing sports,o_p101_f3
A full shot of an older person playing sports,o_p101_f4
A full shot of an older person outdoor group fitness classes,o_p102_f1
A full shot of an older person outdoor group fitness classes,o_p102_f2
A full shot of an older person outdoor group fitness classes,o_p102_f3
A full shot of an older person outdoor group fitness classes,o_p102_f4
A full shot of an older person walking in the park,o_p103_f1
A full shot of an older person walking in the park,o_p103_f2
A full shot of an older person walking in the park,o_p103_f3
A full shot of an older person walking in the park,o_p103_f4
A full shot of an older person hiking,o_p104_f1
A full shot of an older person hiking,o_p104_f2
A full shot of an older person hiking,o_p104_f3
A full shot of an older person hiking,o_p104_f4
A full shot of an older person beach walks,o_p105_f1
A full shot of an older person beach walks,o_p105_f2
A full shot of an older person beach walks,o_p105_f3
A full shot of an older person beach walks,o_p105_f4
A full shot of an older person nature walks,o_p106_f1
A full shot of an older person nature walks,o_p106_f2
A full shot of an older person nature walks,o_p106_f3
A full shot of an older person nature walks,o_p106_f4
A full shot of an older person outdoor meditation sessions,o_p107_f1
A full shot of an older person outdoor meditation sessions,o_p107_f2
A full shot of an older person outdoor meditation sessions,o_p107_f3
A full shot of an older person outdoor meditation sessions,o_p107_f4
A full shot of an older person outdoor support groups,o_p108_f1
A full shot of an older person outdoor support groups,o_p108_f2
A full shot of an older person outdoor support groups,o_p108_f3
A full shot of an older person outdoor support groups,o_p108_f4
A full shot of an older person attending physical therapy sessions,o_p109_f1
A full shot of an older person attending physical therapy sessions,o_p109_f2
A full shot of an older person attending physical therapy sessions,o_p109_f3
A full shot of an older person attending physical therapy sessions,o_p109_f4
A full shot of an older person participating in outdoor rehab programs,o_p110_f1
A full shot of an older person participating in outdoor rehab programs,o_p110_f2
A full shot of an older person participating in outdoor rehab programs,o_p110_f3
A full shot of an older person participating in outdoor rehab programs,o_p110_f4
A full shot of an older person functional outdoor activities,o_p111_f1
A full shot of an older person functional outdoor activities,o_p111_f2
A full shot of an older person functional outdoor activities,o_p111_f3
A full shot of an older person functional outdoor activities,o_p111_f4
A full shot of an older person attending workshops or seminars,o_p112_f1
A full shot of an older person attending workshops or seminars,o_p112_f2
A full shot of an older person attending workshops or seminars,o_p112_f3
A full shot of an older person attending workshops or seminars,o_p112_f4
A full shot of an older person job fairs,o_p113_f1
A full shot of an older person job fairs,o_p113_f2
A full shot of an older person job fairs,o_p113_f3
A full shot of an older person job fairs,o_p113_f4
A full shot of an older person volunteering,o_p114_f1
A full shot of an older person volunteering,o_p114_f2
A full shot of an older person volunteering,o_p114_f3
A full shot of an older person volunteering,o_p114_f4
A full shot of an older person visiting health clinics (outdoors),o_p115_f1
A full shot of an older person visiting health clinics (outdoors),o_p115_f2
A full shot of an older person visiting health clinics (outdoors),o_p115_f3
A full shot of an older person visiting health clinics (outdoors),o_p115_f4
A full shot of an older person outdoor exercise for health,o_p116_f1
A full shot of an older person outdoor exercise for health,o_p116_f2
A full shot of an older person outdoor exercise for health,o_p116_f3
A full shot of an older person outdoor exercise for health,o_p116_f4
A full shot of an older person attending health workshops,o_p117_f1
A full shot of an older person attending health workshops,o_p117_f2
A full shot of an older person attending health workshops,o_p117_f3
A full shot of an older person attending health workshops,o_p117_f4
A close-up shot of an older person walking to the bathroom,o_p118_f1
A close-up shot of an older person walking to the bathroom,o_p118_f2
A close-up shot of an older person walking to the bathroom,o_p118_f3
A close-up shot of an older person walking to the bathroom,o_p118_f4
A close-up shot of an older person moving between rooms,o_p119_f1
A close-up shot of an older person moving between rooms,o_p119_f2
A close-up shot of an older person moving between rooms,o_p119_f3
A close-up shot of an older person moving between rooms,o_p119_f4
A close-up shot of an older person climbing stairs,o_p120_f1
A close-up shot of an older person climbing stairs,o_p120_f2
A close-up shot of an older person climbing stairs,o_p120_f3
A close-up shot of an older person climbing stairs,o_p120_f4
A close-up shot of an older person cooking meals,o_p121_f1
A close-up shot of an older person cooking meals,o_p121_f2
A close-up shot of an older person cooking meals,o_p121_f3
A close-up shot of an older person cooking meals,o_p121_f4
A close-up shot of an older person eating at the dining table,o_p122_f1
A close-up shot of an older person eating at the dining table,o_p122_f2
A close-up shot of an older person eating at the dining table,o_p122_f3
A close-up shot of an older person eating at the dining table,o_p122_f4
A close-up shot of an older person setting the table,o_p123_f1
A close-up shot of an older person setting the table,o_p123_f2
A close-up shot of an older person setting the table,o_p123_f3
A close-up shot of an older person setting the table,o_p123_f4
A close-up shot of an older person selecting clothes,o_p124_f1
A close-up shot of an older person selecting clothes,o_p124_f2
A close-up shot of an older person selecting clothes,o_p124_f3
A close-up shot of an older person selecting clothes,o_p124_f4
A close-up shot of an older person putting on clothes,o_p125_f1
A close-up shot of an older person putting on clothes,o_p125_f2
A close-up shot of an older person putting on clothes,o_p125_f3
A close-up shot of an older person putting on clothes,o_p125_f4
A close-up shot of an older person changing clothes,o_p126_f1
A close-up shot of an older person changing clothes,o_p126_f2
A close-up shot of an older person changing clothes,o_p126_f3
A close-up shot of an older person changing clothes,o_p126_f4
A close-up shot of an older person showering or bathing,o_p127_f1
A close-up shot of an older person showering or bathing,o_p127_f2
A close-up shot of an older person showering or bathing,o_p127_f3
A close-up shot of an older person showering or bathing,o_p127_f4
A close-up shot of an older person brushing teeth,o_p128_f1
A close-up shot of an older person brushing teeth,o_p128_f2
A close-up shot of an older person brushing teeth,o_p128_f3
A close-up shot of an older person brushing teeth,o_p128_f4
A close-up shot of an older person grooming,o_p129_f1
A close-up shot of an older person grooming,o_p129_f2
A close-up shot of an older person grooming,o_p129_f3
A close-up shot of an older person grooming,o_p129_f4
A close-up shot of an older person using the toilet,o_p130_f1
A close-up shot of an older person using the toilet,o_p130_f2
A close-up shot of an older person using the toilet,o_p130_f3
A close-up shot of an older person using the toilet,o_p130_f4
A close-up shot of an older person changing incontinence products,o_p131_f1
A close-up shot of an older person changing incontinence products,o_p131_f2
A close-up shot of an older person changing incontinence products,o_p131_f3
A close-up shot of an older person changing incontinence products,o_p131_f4
A close-up shot of an older person cleaning up spills,o_p132_f1
A close-up shot of an older person cleaning up spills,o_p132_f2
A close-up shot of an older person cleaning up spills,o_p132_f3
A close-up shot of an older person cleaning up spills,o_p132_f4
A close-up shot of an older person walking to a nearby store,o_p133_f1
A close-up shot of an older person walking to a nearby store,o_p133_f2
A close-up shot of an older person walking to a nearby store,o_p133_f3
A close-up shot of an older person walking to a nearby store,o_p133_f4
A close-up shot of an older person strolling in the neighborhood,o_p134_f1
A close-up shot of an older person strolling in the neighborhood,o_p134_f2
A close-up shot of an older person strolling in the neighborhood,o_p134_f3
A close-up shot of an older person strolling in the neighborhood,o_p134_f4
A close-up shot of an older person walking to public transport,o_p135_f1
A close-up shot of an older person walking to public transport,o_p135_f2
A close-up shot of an older person walking to public transport,o_p135_f3
A close-up shot of an older person walking to public transport,o_p135_f4
A close-up shot of an older person dining at restaurants,o_p136_f1
A close-up shot of an older person dining at restaurants,o_p136_f2
A close-up shot of an older person dining at restaurants,o_p136_f3
A close-up shot of an older person dining at restaurants,o_p136_f4
A close-up shot of an older person grocery shopping,o_p137_f1
A close-up shot of an older person grocery shopping,o_p137_f2
A close-up shot of an older person grocery shopping,o_p137_f3
A close-up shot of an older person grocery shopping,o_p137_f4
A close-up shot of an older person picnicking,o_p138_f1
A close-up shot of an older person picnicking,o_p138_f2
A close-up shot of an older person picnicking,o_p138_f3
A close-up shot of an older person picnicking,o_p138_f4
A close-up shot of an older person shopping for clothes,o_p139_f1
A close-up shot of an older person shopping for clothes,o_p139_f2
A close-up shot of an older person shopping for clothes,o_p139_f3
A close-up shot of an older person shopping for clothes,o_p139_f4
A close-up shot of an older person attending fittings,o_p140_f1
A close-up shot of an older person attending fittings,o_p140_f2
A close-up shot of an older person attending fittings,o_p140_f3
A close-up shot of an older person attending fittings,o_p140_f4
A close-up shot of an older person picking up laundry,o_p141_f1
A close-up shot of an older person picking up laundry,o_p141_f2
A close-up shot of an older person picking up laundry,o_p141_f3
A close-up shot of an older person picking up laundry,o_p141_f4
A close-up shot of an older person visiting a salon or barber,o_p142_f1
A close-up shot of an older person visiting a salon or barber,o_p142_f2
A close-up shot of an older person visiting a salon or barber,o_p142_f3
A close-up shot of an older person visiting a salon or barber,o_p142_f4
A close-up shot of an older person using public restrooms (outdoors),o_p143_f1
A close-up shot of an older person using public restrooms (outdoors),o_p143_f2
A close-up shot of an older person using public restrooms (outdoors),o_p143_f3
A close-up shot of an older person using public restrooms (outdoors),o_p143_f4
A close-up shot of an older person buying personal care products,o_p144_f1
A close-up shot of an older person buying personal care products,o_p144_f2
A close-up shot of an older person buying personal care products,o_p144_f3
A close-up shot of an older person buying personal care products,o_p144_f4
A close-up shot of an older person using public restrooms (indoors),o_p145_f1
A close-up shot of an older person using public restrooms (indoors),o_p145_f2
A close-up shot of an older person using public restrooms (indoors),o_p145_f3
A close-up shot of an older person using public restrooms (indoors),o_p145_f4
A close-up shot of an older person purchasing incontinence products,o_p146_f1
A close-up shot of an older person purchasing incontinence products,o_p146_f2
A close-up shot of an older person purchasing incontinence products,o_p146_f3
A close-up shot of an older person purchasing incontinence products,o_p146_f4
A close-up shot of an older person attending medical appointments,o_p147_f1
A close-up shot of an older person attending medical appointments,o_p147_f2
A close-up shot of an older person attending medical appointments,o_p147_f3
A close-up shot of an older person attending medical appointments,o_p147_f4
A close-up shot of an older person finding and using public restrooms,o_p148_f1
A close-up shot of an older person finding and using public restrooms,o_p148_f2
A close-up shot of an older person finding and using public restrooms,o_p148_f3
A close-up shot of an older person finding and using public restrooms,o_p148_f4
A close-up shot of an older person traveling with portable toilets,o_p149_f1
A close-up shot of an older person traveling with portable toilets,o_p149_f2
A close-up shot of an older person traveling with portable toilets,o_p149_f3
A close-up shot of an older person traveling with portable toilets,o_p149_f4
A close-up shot of an older person accessing restroom facilities in public places,o_p150_f1
A close-up shot of an older person accessing restroom facilities in public places,o_p150_f2
A close-up shot of an older person accessing restroom facilities in public places,o_p150_f3
A close-up shot of an older person accessing restroom facilities in public places,o_p150_f4
A close-up shot of an older person using public transport,o_p151_f1
A close-up shot of an older person using public transport,o_p151_f2
A close-up shot of an older person using public transport,o_p151_f3
A close-up shot of an older person using public transport,o_p151_f4
A close-up shot of an older person driving,o_p152_f1
A close-up shot of an older person driving,o_p152_f2
A close-up shot of an older person driving,o_p152_f3
A close-up shot of an older person driving,o_p152_f4
A close-up shot of an older person walking to stores,o_p153_f1
A close-up shot of an older person walking to stores,o_p153_f2
A close-up shot of an older person walking to stores,o_p153_f3
A close-up shot of an older person walking to stores,o_p153_f4
A close-up shot of an older person visiting banks,o_p154_f1
A close-up shot of an older person visiting banks,o_p154_f2
A close-up shot of an older person visiting banks,o_p154_f3
A close-up shot of an older person visiting banks,o_p154_f4
A close-up shot of an older person using atms,o_p155_f1
A close-up shot of an older person using atms,o_p155_f2
A close-up shot of an older person using atms,o_p155_f3
A close-up shot of an older person using atms,o_p155_f4
A close-up shot of an older person consulting financial advisors,o_p156_f1
A close-up shot of an older person consulting financial advisors,o_p156_f2
A close-up shot of an older person consulting financial advisors,o_p156_f3
A close-up shot of an older person consulting financial advisors,o_p156_f4
A close-up shot of an older person grocery shopping,o_p157_f1
A close-up shot of an older person grocery shopping,o_p157_f2
A close-up shot of an older person grocery shopping,o_p157_f3
A close-up shot of an older person grocery shopping,o_p157_f4
A close-up shot of an older person visiting farmers’ markets,o_p158_f1
A close-up shot of an older person visiting farmers’ markets,o_p158_f2
A close-up shot of an older person visiting farmers’ markets,o_p158_f3
A close-up shot of an older person visiting farmers’ markets,o_p158_f4
A close-up shot of an older person eating out,o_p159_f1
A close-up shot of an older person eating out,o_p159_f2
A close-up shot of an older person eating out,o_p159_f3
A close-up shot of an older person eating out,o_p159_f4
A close-up shot of an older person gardening (outdoors),o_p160_f1
A close-up shot of an older person gardening (outdoors),o_p160_f2
A close-up shot of an older person gardening (outdoors),o_p160_f3
A close-up shot of an older person gardening (outdoors),o_p160_f4
A close-up shot of an older person home repairs,o_p161_f1
A close-up shot of an older person home repairs,o_p161_f2
A close-up shot of an older person home repairs,o_p161_f3
A close-up shot of an older person home repairs,o_p161_f4
A close-up shot of an older person taking out trash,o_p162_f1
A close-up shot of an older person taking out trash,o_p162_f2
A close-up shot of an older person taking out trash,o_p162_f3
A close-up shot of an older person taking out trash,o_p162_f4
A close-up shot of an older person visiting post offices,o_p163_f1
A close-up shot of an older person visiting post offices,o_p163_f2
A close-up shot of an older person visiting post offices,o_p163_f3
A close-up shot of an older person visiting post offices,o_p163_f4
A close-up shot of an older person meeting in person,o_p164_f1
A close-up shot of an older person meeting in person,o_p164_f2
A close-up shot of an older person meeting in person,o_p164_f3
A close-up shot of an older person meeting in person,o_p164_f4
A close-up shot of an older person attending social events,o_p165_f1
A close-up shot of an older person attending social events,o_p165_f2
A close-up shot of an older person attending social events,o_p165_f3
A close-up shot of an older person attending social events,o_p165_f4
A close-up shot of an older person visiting pharmacies,o_p166_f1
A close-up shot of an older person visiting pharmacies,o_p166_f2
A close-up shot of an older person visiting pharmacies,o_p166_f3
A close-up shot of an older person visiting pharmacies,o_p166_f4
A close-up shot of an older person consulting doctors,o_p167_f1
A close-up shot of an older person consulting doctors,o_p167_f2
A close-up shot of an older person consulting doctors,o_p167_f3
A close-up shot of an older person consulting doctors,o_p167_f4
A close-up shot of an older person attending health clinics,o_p168_f1
A close-up shot of an older person attending health clinics,o_p168_f2
A close-up shot of an older person attending health clinics,o_p168_f3
A close-up shot of an older person attending health clinics,o_p168_f4
A close-up shot of an older person phone calls with friends,o_p169_f1
A close-up shot of an older person phone calls with friends,o_p169_f2
A close-up shot of an older person phone calls with friends,o_p169_f3
A close-up shot of an older person phone calls with friends,o_p169_f4
A close-up shot of an older person phone calls with neighbors,o_p170_f1
A close-up shot of an older person phone calls with neighbors,o_p170_f2
A close-up shot of an older person phone calls with neighbors,o_p170_f3
A close-up shot of an older person phone calls with neighbors,o_p170_f4
A close-up shot of an older person phone calls with relatives,o_p171_f1
A close-up shot of an older person phone calls with relatives,o_p171_f2
A close-up shot of an older person phone calls with relatives,o_p171_f3
A close-up shot of an older person phone calls with relatives,o_p171_f4
A close-up shot of an older person home visits,o_p172_f1
A close-up shot of an older person home visits,o_p172_f2
A close-up shot of an older person home visits,o_p172_f3
A close-up shot of an older person home visits,o_p172_f4
A close-up shot of an older person hosting game nights,o_p173_f1
A close-up shot of an older person hosting game nights,o_p173_f2
A close-up shot of an older person hosting game nights,o_p173_f3
A close-up shot of an older person hosting game nights,o_p173_f4
A close-up shot of an older person movie nights,o_p174_f1
A close-up shot of an older person movie nights,o_p174_f2
A close-up shot of an older person movie nights,o_p174_f3
A close-up shot of an older person movie nights,o_p174_f4
A close-up shot of an older person club meetings,o_p175_f1
A close-up shot of an older person club meetings,o_p175_f2
A close-up shot of an older person club meetings,o_p175_f3
A close-up shot of an older person club meetings,o_p175_f4
A close-up shot of an older person online webinars,o_p176_f1
A close-up shot of an older person online webinars,o_p176_f2
A close-up shot of an older person online webinars,o_p176_f3
A close-up shot of an older person online webinars,o_p176_f4
A close-up shot of an older person study groups,o_p177_f1
A close-up shot of an older person study groups,o_p177_f2
A close-up shot of an older person study groups,o_p177_f3
A close-up shot of an older person study groups,o_p177_f4
A close-up shot of an older person home prayer groups,o_p178_f1
A close-up shot of an older person home prayer groups,o_p178_f2
A close-up shot of an older person home prayer groups,o_p178_f3
A close-up shot of an older person home prayer groups,o_p178_f4
A close-up shot of an older person online religious services,o_p179_f1
A close-up shot of an older person online religious services,o_p179_f2
A close-up shot of an older person online religious services,o_p179_f3
A close-up shot of an older person online religious services,o_p179_f4
A close-up shot of an older person reading religious texts at home,o_p180_f1
A close-up shot of an older person reading religious texts at home,o_p180_f2
A close-up shot of an older person reading religious texts at home,o_p180_f3
A close-up shot of an older person reading religious texts at home,o_p180_f4
A close-up shot of an older person indoor gardening,o_p181_f1
A close-up shot of an older person indoor gardening,o_p181_f2
A close-up shot of an older person indoor gardening,o_p181_f3
A close-up shot of an older person indoor gardening,o_p181_f4
A close-up shot of an older person indoor home repairs,o_p182_f1
A close-up shot of an older person indoor home repairs,o_p182_f2
A close-up shot of an older person indoor home repairs,o_p182_f3
A close-up shot of an older person indoor home repairs,o_p182_f4
A close-up shot of an older person houseplant care,o_p183_f1
A close-up shot of an older person houseplant care,o_p183_f2
A close-up shot of an older person houseplant care,o_p183_f3
A close-up shot of an older person houseplant care,o_p183_f4
A close-up shot of an older person home exercise routines,o_p184_f1
A close-up shot of an older person home exercise routines,o_p184_f2
A close-up shot of an older person home exercise routines,o_p184_f3
A close-up shot of an older person home exercise routines,o_p184_f4
A close-up shot of an older person yoga or pilates,o_p185_f1
A close-up shot of an older person yoga or pilates,o_p185_f2
A close-up shot of an older person yoga or pilates,o_p185_f3
A close-up shot of an older person yoga or pilates,o_p185_f4
A close-up shot of an older person using home exercise equipment,o_p186_f1
A close-up shot of an older person using home exercise equipment,o_p186_f2
A close-up shot of an older person using home exercise equipment,o_p186_f3
A close-up shot of an older person using home exercise equipment,o_p186_f4
A close-up shot of an older person walking indoors,o_p187_f1
A close-up shot of an older person walking indoors,o_p187_f2
A close-up shot of an older person walking indoors,o_p187_f3
A close-up shot of an older person walking indoors,o_p187_f4
A close-up shot of an older person walking on a treadmill,o_p188_f1
A close-up shot of an older person walking on a treadmill,o_p188_f2
A close-up shot of an older person walking on a treadmill,o_p188_f3
A close-up shot of an older person walking on a treadmill,o_p188_f4
A close-up shot of an older person walking in malls,o_p189_f1
A close-up shot of an older person walking in malls,o_p189_f2
A close-up shot of an older person walking in malls,o_p189_f3
A close-up shot of an older person walking in malls,o_p189_f4
A close-up shot of an older person meditation,o_p190_f1
A close-up shot of an older person meditation,o_p190_f2
A close-up shot of an older person meditation,o_p190_f3
A close-up shot of an older person meditation,o_p190_f4
A close-up shot of an older person reading self-help books,o_p191_f1
A close-up shot of an older person reading self-help books,o_p191_f2
A close-up shot of an older person reading self-help books,o_p191_f3
A close-up shot of an older person reading self-help books,o_p191_f4
A close-up shot of an older person journaling,o_p192_f1
A close-up shot of an older person journaling,o_p192_f2
A close-up shot of an older person journaling,o_p192_f3
A close-up shot of an older person journaling,o_p192_f4
A close-up shot of an older person physical therapy exercises,o_p193_f1
A close-up shot of an older person physical therapy exercises,o_p193_f2
A close-up shot of an older person physical therapy exercises,o_p193_f3
A close-up shot of an older person physical therapy exercises,o_p193_f4
A close-up shot of an older person cognitive puzzles and games,o_p194_f1
A close-up shot of an older person cognitive puzzles and games,o_p194_f2
A close-up shot of an older person cognitive puzzles and games,o_p194_f3
A close-up shot of an older person cognitive puzzles and games,o_p194_f4
A close-up shot of an older person home rehabilitation workouts,o_p195_f1
A close-up shot of an older person home rehabilitation workouts,o_p195_f2
A close-up shot of an older person home rehabilitation workouts,o_p195_f3
A close-up shot of an older person home rehabilitation workouts,o_p195_f4
A close-up shot of an older person online learning courses,o_p196_f1
A close-up shot of an older person online learning courses,o_p196_f2
A close-up shot of an older person online learning courses,o_p196_f3
A close-up shot of an older person online learning courses,o_p196_f4
A close-up shot of an older person home business management,o_p197_f1
A close-up shot of an older person home business management,o_p197_f2
A close-up shot of an older person home business management,o_p197_f3
A close-up shot of an older person home business management,o_p197_f4
A close-up shot of an older person budget planning,o_p198_f1
A close-up shot of an older person budget planning,o_p198_f2
A close-up shot of an older person budget planning,o_p198_f3
A close-up shot of an older person budget planning,o_p198_f4
A close-up shot of an older person medication management,o_p199_f1
A close-up shot of an older person medication management,o_p199_f2
A close-up shot of an older person medication management,o_p199_f3
A close-up shot of an older person medication management,o_p199_f4
A close-up shot of an older person home monitoring,o_p200_f1
A close-up shot of an older person home monitoring,o_p200_f2
A close-up shot of an older person home monitoring,o_p200_f3
A close-up shot of an older person home monitoring,o_p200_f4
A close-up shot of an older person diet and nutrition planning,o_p201_f1
A close-up shot of an older person diet and nutrition planning,o_p201_f2
A close-up shot of an older person diet and nutrition planning,o_p201_f3
A close-up shot of an older person diet and nutrition planning,o_p201_f4
A close-up shot of an older person using a mobile phone in a park,o_p202_f1
A close-up shot of an older person using a mobile phone in a park,o_p202_f2
A close-up shot of an older person using a mobile phone in a park,o_p202_f3
A close-up shot of an older person using a mobile phone in a park,o_p202_f4
A close-up shot of an older person calling from a cafe,o_p203_f1
A close-up shot of an older person calling from a cafe,o_p203_f2
A close-up shot of an older person calling from a cafe,o_p203_f3
A close-up shot of an older person calling from a cafe,o_p203_f4
A close-up shot of an older person calling during outdoor events,o_p204_f1
A close-up shot of an older person calling during outdoor events,o_p204_f2
A close-up shot of an older person calling during outdoor events,o_p204_f3
A close-up shot of an older person calling during outdoor events,o_p204_f4
A close-up shot of an older person meeting at parks,o_p205_f1
A close-up shot of an older person meeting at parks,o_p205_f2
A close-up shot of an older person meeting at parks,o_p205_f3
A close-up shot of an older person meeting at parks,o_p205_f4
A close-up shot of an older person going out for coffee,o_p206_f1
A close-up shot of an older person going out for coffee,o_p206_f2
A close-up shot of an older person going out for coffee,o_p206_f3
A close-up shot of an older person going out for coffee,o_p206_f4
A close-up shot of an older person dining out,o_p207_f1
A close-up shot of an older person dining out,o_p207_f2
A close-up shot of an older person dining out,o_p207_f3
A close-up shot of an older person dining out,o_p207_f4
A close-up shot of an older person participating in community events,o_p208_f1
A close-up shot of an older person participating in community events,o_p208_f2
A close-up shot of an older person participating in community events,o_p208_f3
A close-up shot of an older person participating in community events,o_p208_f4
A close-up shot of an older person attending outdoor workshops,o_p209_f1
A close-up shot of an older person attending outdoor workshops,o_p209_f2
A close-up shot of an older person attending outdoor workshops,o_p209_f3
A close-up shot of an older person attending outdoor workshops,o_p209_f4
A close-up shot of an older person joining local sports leagues,o_p210_f1
A close-up shot of an older person joining local sports leagues,o_p210_f2
A close-up shot of an older person joining local sports leagues,o_p210_f3
A close-up shot of an older person joining local sports leagues,o_p210_f4
A close-up shot of an older person attending church services,o_p211_f1
A close-up shot of an older person attending church services,o_p211_f2
A close-up shot of an older person attending church services,o_p211_f3
A close-up shot of an older person attending church services,o_p211_f4
A close-up shot of an older person attending outdoor religious events,o_p212_f1
A close-up shot of an older person attending outdoor religious events,o_p212_f2
A close-up shot of an older person attending outdoor religious events,o_p212_f3
A close-up shot of an older person attending outdoor religious events,o_p212_f4
A close-up shot of an older person religious pilgrimages,o_p213_f1
A close-up shot of an older person religious pilgrimages,o_p213_f2
A close-up shot of an older person religious pilgrimages,o_p213_f3
A close-up shot of an older person religious pilgrimages,o_p213_f4
A close-up shot of an older person gardening in the yard,o_p214_f1
A close-up shot of an older person gardening in the yard,o_p214_f2
A close-up shot of an older person gardening in the yard,o_p214_f3
A close-up shot of an older person gardening in the yard,o_p214_f4
A close-up shot of an older person landscaping,o_p215_f1
A close-up shot of an older person landscaping,o_p215_f2
A close-up shot of an older person landscaping,o_p215_f3
A close-up shot of an older person landscaping,o_p215_f4
A close-up shot of an older person community garden participation,o_p216_f1
A close-up shot of an older person community garden participation,o_p216_f2
A close-up shot of an older person community garden participation,o_p216_f3
A close-up shot of an older person community garden participation,o_p216_f4
A close-up shot of an older person jogging or running,o_p217_f1
A close-up shot of an older person jogging or running,o_p217_f2
A close-up shot of an older person jogging or running,o_p217_f3
A close-up shot of an older person jogging or running,o_p217_f4
A close-up shot of an older person playing sports,o_p218_f1
A close-up shot of an older person playing sports,o_p218_f2
A close-up shot of an older person playing sports,o_p218_f3
A close-up shot of an older person playing sports,o_p218_f4
A close-up shot of an older person outdoor group fitness classes,o_p219_f1
A close-up shot of an older person outdoor group fitness classes,o_p219_f2
A close-up shot of an older person outdoor group fitness classes,o_p219_f3
A close-up shot of an older person outdoor group fitness classes,o_p219_f4
A close-up shot of an older person walking in the park,o_p220_f1
A close-up shot of an older person walking in the park,o_p220_f2
A close-up shot of an older person walking in the park,o_p220_f3
A close-up shot of an older person walking in the park,o_p220_f4
A close-up shot of an older person hiking,o_p221_f1
A close-up shot of an older person hiking,o_p221_f2
A close-up shot of an older person hiking,o_p221_f3
A close-up shot of an older person hiking,o_p221_f4
A close-up shot of an older person beach walks,o_p222_f1
A close-up shot of an older person beach walks,o_p222_f2
A close-up shot of an older person beach walks,o_p222_f3
A close-up shot of an older person beach walks,o_p222_f4
A close-up shot of an older person nature walks,o_p223_f1
A close-up shot of an older person nature walks,o_p223_f2
A close-up shot of an older person nature walks,o_p223_f3
A close-up shot of an older person nature walks,o_p223_f4
A close-up shot of an older person outdoor meditation sessions,o_p224_f1
A close-up shot of an older person outdoor meditation sessions,o_p224_f2
A close-up shot of an older person outdoor meditation sessions,o_p224_f3
A close-up shot of an older person outdoor meditation sessions,o_p224_f4
A close-up shot of an older person outdoor support groups,o_p225_f1
A close-up shot of an older person outdoor support groups,o_p225_f2
A close-up shot of an older person outdoor support groups,o_p225_f3
A close-up shot of an older person outdoor support groups,o_p225_f4
A close-up shot of an older person attending physical therapy sessions,o_p226_f1
A close-up shot of an older person attending physical therapy sessions,o_p226_f2
A close-up shot of an older person attending physical therapy sessions,o_p226_f3
A close-up shot of an older person attending physical therapy sessions,o_p226_f4
A close-up shot of an older person participating in outdoor rehab programs,o_p227_f1
A close-up shot of an older person participating in outdoor rehab programs,o_p227_f2
A close-up shot of an older person participating in outdoor rehab programs,o_p227_f3
A close-up shot of an older person participating in outdoor rehab programs,o_p227_f4
A close-up shot of an older person functional outdoor activities,o_p228_f1
A close-up shot of an older person functional outdoor activities,o_p228_f2
A close-up shot of an older person functional outdoor activities,o_p228_f3
A close-up shot of an older person functional outdoor activities,o_p228_f4
A close-up shot of an older person attending workshops or seminars,o_p229_f1
A close-up shot of an older person attending workshops or seminars,o_p229_f2
A close-up shot of an older person attending workshops or seminars,o_p229_f3
A close-up shot of an older person attending workshops or seminars,o_p229_f4
A close-up shot of an older person job fairs,o_p230_f1
A close-up shot of an older person job fairs,o_p230_f2
A close-up shot of an older person job fairs,o_p230_f3
A close-up shot of an older person job fairs,o_p230_f4
A close-up shot of an older person volunteering,o_p231_f1
A close-up shot of an older person volunteering,o_p231_f2
A close-up shot of an older person volunteering,o_p231_f3
A close-up shot of an older person volunteering,o_p231_f4
A close-up shot of an older person visiting health clinics (outdoors),o_p232_f1
A close-up shot of an older person visiting health clinics (outdoors),o_p232_f2
A close-up shot of an older person visiting health clinics (outdoors),o_p232_f3
A close-up shot of an older person visiting health clinics (outdoors),o_p232_f4
A close-up shot of an older person outdoor exercise for health,o_p233_f1
A close-up shot of an older person outdoor exercise for health,o_p233_f2
A close-up shot of an older person outdoor exercise for health,o_p233_f3
A close-up shot of an older person outdoor exercise for health,o_p233_f4
A close-up shot of an older person attending health workshops,o_p234_f1
A close-up shot of an older person attending health workshops,o_p234_f2
A close-up shot of an older person attending health workshops,o_p234_f3
A close-up shot of an older person attending health workshops,o_p234_f4
